Model,Accuracy,AUC
Logistic Regression,0.985854189336235,0.9997932138315523
Decision Tree,0.9630032644178455,0.9747761580432494
Random Forest,0.9640914036996736,0.994069958854437
KNN,0.9488574537540805,0.9767153889615263
SVM,0.9945593035908596,0.9999137034100178
RNN,0.9325353645266594,0.9748925770278477
